classifier,accuracy,precision,recall,f1_score,accuracy_std,precision_std,recall_std
Attention U-Net,0.9749332427978515,0.9760641804112957,0.9749332427978515,0.9754983838184191,0.016463576547673407,0.015382323615773583,0.016463576547673407
