classifier,accuracy,precision,recall,f1_score,accuracy_std,precision_std,recall_std
Attention U-Net,0.9748955535888671,0.9770853538789581,0.9748955535888671,0.975989225436727,0.022842814346818653,0.019049220003907186,0.022842814346818653
